{"v":2,"name":"task-5-2","folders":[],"requests":[{"v":"4","endpoint":"http://localhost:3000/lends","name":"5-2-1","params":[],"headers":[],"method":"GET","auth":{"authType":"inherit","authActive":true},"preRequestScript":"","testScript":"","body":{"contentType":"application/json","body":"{\n    \"customer_id\": \"1\",\n    \"isbn\": \"978-3-16-148410-0\"\n}\n"},"requestVariables":[]},{"v":"4","endpoint":"http://localhost:3000/lends/123","name":"5-2-2","params":[],"headers":[],"method":"GET","auth":{"authType":"inherit","authActive":true},"preRequestScript":"","testScript":"","body":{"contentType":"application/json","body":"{\n    \"customer_id\": \"1\",\n    \"isbn\": \"978-3-16-148410-0\"\n}\n"},"requestVariables":[]},{"v":"4","endpoint":"http://localhost:3000/lends","name":"5-2-3","params":[],"headers":[],"method":"POST","auth":{"authType":"inherit","authActive":true},"preRequestScript":"","testScript":"","body":{"contentType":"application/json","body":" {\n    \"id\": \"1234\",\n    \"customer_id\": \"1\",\n    \"isbn\": \"978-3-16-148418-8\",\n    \"borrowed_at\": \"2024-05-15T08:00:00Z\",\n    \"returned_at\": null\n  }\n"},"requestVariables":[]},{"v":"4","endpoint":"http://localhost:3000/lends/123","name":"5-2-4","params":[],"headers":[],"method":"DELETE","auth":{"authType":"inherit","authActive":true},"preRequestScript":"","testScript":"","body":{"contentType":null,"body":null},"requestVariables":[]}],"auth":{"authType":"inherit","authActive":true},"headers":[]}