{"v":2,"name":"task-7-1","folders":[],"requests":[{"v":"4","endpoint":"http://localhost:3000/public","name":"/public","params":[],"headers":[],"method":"GET","auth":{"authType":"inherit","authActive":true},"preRequestScript":"","testScript":"","body":{"contentType":null,"body":null},"requestVariables":[]},{"v":"4","endpoint":"http://localhost:3000/private","name":"/private","params":[],"headers":[],"method":"GET","auth":{"authType":"inherit","authActive":true},"preRequestScript":"","testScript":"","body":{"contentType":null,"body":null},"requestVariables":[]}],"auth":{"authType":"inherit","authActive":true},"headers":[]}