{"v":2,"name":"task-5-1","folders":[],"requests":[{"v":"4","endpoint":"http://localhost:3000/books","name":"5-1-1","params":[],"headers":[],"method":"GET","auth":{"authType":"inherit","authActive":true},"preRequestScript":"","testScript":"","body":{"contentType":null,"body":null},"requestVariables":[]},{"v":"4","endpoint":"http://localhost:3000/books/978-3-16-148417-7","name":"5-1-2","params":[],"headers":[],"method":"GET","auth":{"authType":"inherit","authActive":true},"preRequestScript":"","testScript":"","body":{"contentType":null,"body":null},"requestVariables":[]},{"v":"4","endpoint":"http://localhost:3000/books","name":"5-1-3","params":[],"headers":[],"method":"POST","auth":{"authType":"inherit","authActive":true},"preRequestScript":"","testScript":"","body":{"contentType":"application/json","body":"[\n  {\n    \"isbn\": \"123\",\n    \"title\": \"new generated book\",\n    \"year\": 2024,\n    \"author\": \"Yanis Meichtry\"\n  }\n]"},"requestVariables":[]},{"v":"4","endpoint":"http://localhost:3000/books/978-3-16-148410-0","name":"5-1-4","params":[],"headers":[],"method":"PUT","auth":{"authType":"inherit","authActive":true},"preRequestScript":"","testScript":"","body":{"contentType":"application/json","body":"[\n  {\n    \"isbn\": \"978-3-16-148410-0\",\n    \"title\": \"Neues von Yanis\",\n    \"year\": 2024,\n    \"author\": \"Yanis Meichtry\"\n  }\n]"},"requestVariables":[]},{"v":"4","endpoint":"http://localhost:3000/books/978-3-16-148410-0","name":"5-1-5","params":[],"headers":[],"method":"DELETE","auth":{"authType":"inherit","authActive":true},"preRequestScript":"","testScript":"","body":{"contentType":null,"body":null},"requestVariables":[]},{"v":"4","endpoint":"http://localhost:3000/books/978-3-16-148410-0","name":"5-1-6","params":[],"headers":[],"method":"PATCH","auth":{"authType":"inherit","authActive":true},"preRequestScript":"","testScript":"","body":{"contentType":null,"body":null},"requestVariables":[]}],"auth":{"authType":"inherit","authActive":true},"headers":[]}