{"v":2,"name":"task-4-2","folders":[],"requests":[{"v":"4","endpoint":"http://localhost:3000/names","name":"4-2-2","params":[],"headers":[],"method":"POST","auth":{"authType":"inherit","authActive":true},"preRequestScript":"","testScript":"","body":{"contentType":"application/json","body":"{\"name\": \"Yanis Meichtry\"}"},"requestVariables":[]},{"v":"4","endpoint":"http://localhost:3000/names?name=Adventurous Alice","name":"4-2-3","params":[],"headers":[{"active":true,"key":"Authorization","value":"Basic aGFja2VyOjEyMzQ="}],"method":"DELETE","auth":{"authType":"inherit","authActive":true},"preRequestScript":"","testScript":"","body":{"contentType":"application/json","body":"{\"name\": \"Yanis Meichtry\"}"},"requestVariables":[]},{"v":"4","endpoint":"http://localhost:3000/secret2","name":"4-2-4","params":[],"headers":[{"active":true,"key":"Authorization","value":"Basic aGFja2VyOjEyMzQ="}],"method":"GET","auth":{"authType":"inherit","authActive":true},"preRequestScript":"","testScript":"","body":{"contentType":null,"body":null},"requestVariables":[]},{"v":"4","endpoint":"https://api.chucknorris.io/jokes/random?name=\"yanis\"","name":"4-2-5","params":[],"headers":[],"method":"GET","auth":{"authType":"inherit","authActive":true},"preRequestScript":"","testScript":"","body":{"contentType":null,"body":null},"requestVariables":[]}],"auth":{"authType":"inherit","authActive":true},"headers":[]}