{"v":2,"name":"task-7-2","folders":[],"requests":[{"v":"4","endpoint":"http://localhost:3000/name","name":"/post","params":[],"headers":[],"method":"POST","auth":{"authType":"inherit","authActive":true},"preRequestScript":"","testScript":"","body":{"contentType":"application/json","body":"{\n  \"name\": \"Yanis\"\n}\n"},"requestVariables":[]},{"v":"4","endpoint":"http://localhost:3000/name","name":"/delete","params":[],"headers":[],"method":"GET","auth":{"authType":"inherit","authActive":true},"preRequestScript":"","testScript":"","body":{"contentType":null,"body":null},"requestVariables":[]},{"v":"4","endpoint":"http://localhost:3000/name","name":"/delete","params":[],"headers":[],"method":"DELETE","auth":{"authType":"inherit","authActive":true},"preRequestScript":"","testScript":"","body":{"contentType":null,"body":null},"requestVariables":[]}],"auth":{"authType":"inherit","authActive":true},"headers":[]}